{
    "0": {
        "discounted_return": -10864.861790050254,
        "test_cases": [
            10,
            8,
            3,
            11,
            8,
            6,
            13,
            12,
            11,
            14
        ]
    },
    "1": {
        "discounted_return": -8175.463612339051,
        "test_cases": [
            3,
            10,
            7,
            8,
            5,
            11,
            4,
            13,
            5,
            5
        ]
    },
    "2": {
        "discounted_return": -9086.811784685358,
        "test_cases": [
            2,
            11,
            10,
            0,
            8,
            12,
            4,
            0,
            8,
            1
        ]
    },
    "3": {
        "discounted_return": -27861.479309996605,
        "test_cases": [
            5,
            5,
            11,
            9,
            4,
            9,
            0,
            11,
            5,
            4
        ]
    },
    "4": {
        "discounted_return": -20928.831331218644,
        "test_cases": [
            10,
            14,
            13,
            7,
            13,
            3,
            14,
            3,
            7,
            5
        ]
    },
    "5": {
        "discounted_return": -12793.496228485836,
        "test_cases": [
            2,
            2,
            14,
            0,
            3,
            8,
            5,
            11,
            12,
            14
        ]
    },
    "6": {
        "discounted_return": -16477.202683861935,
        "test_cases": [
            11,
            14,
            6,
            11,
            5,
            3,
            3,
            10,
            4,
            11
        ]
    },
    "7": {
        "discounted_return": -12455.826429192895,
        "test_cases": [
            1,
            7,
            5,
            6,
            7,
            5,
            13,
            4,
            14,
            11
        ]
    },
    "8": {
        "discounted_return": -17367.200331128755,
        "test_cases": [
            9,
            2,
            3,
            9,
            1,
            6,
            1,
            1,
            13,
            0
        ]
    }
}