{
    "0": {
        "discounted_return": -19974.71891066662,
        "test_cases": [
            10,
            4,
            10,
            11,
            4,
            13,
            10,
            7,
            0,
            1
        ]
    },
    "1": {
        "discounted_return": -14312.208945359478,
        "test_cases": [
            12,
            12,
            3,
            7,
            6,
            14,
            3,
            5,
            10,
            9
        ]
    },
    "2": {
        "discounted_return": -16179.354303506983,
        "test_cases": [
            2,
            5,
            12,
            11,
            12,
            8,
            12,
            10,
            11,
            4
        ]
    },
    "3": {
        "discounted_return": -18274.71527425356,
        "test_cases": [
            12,
            7,
            6,
            2,
            11,
            3,
            6,
            12,
            12,
            2
        ]
    },
    "4": {
        "discounted_return": -19368.108129936994,
        "test_cases": [
            9,
            12,
            5,
            7,
            14,
            14,
            7,
            10,
            7,
            9
        ]
    },
    "5": {
        "discounted_return": -15639.238749183316,
        "test_cases": [
            0,
            4,
            7,
            5,
            7,
            14,
            10,
            4,
            5,
            11
        ]
    },
    "6": {
        "discounted_return": -15748.147558736966,
        "test_cases": [
            4,
            2,
            1,
            5,
            5,
            11,
            2,
            12,
            7,
            4
        ]
    },
    "7": {
        "discounted_return": -16761.560215546637,
        "test_cases": [
            0,
            2,
            8,
            12,
            8,
            8,
            9,
            5,
            8,
            14
        ]
    },
    "8": {
        "discounted_return": -8536.745137218151,
        "test_cases": [
            4,
            13,
            7,
            5,
            3,
            11,
            3,
            7,
            12,
            14
        ]
    }
}