{
    "0": {
        "discounted_return": -12961.063906123516,
        "test_cases": [
            1,
            5,
            8,
            14,
            3,
            11,
            9,
            11,
            3,
            3
        ]
    },
    "1": {
        "discounted_return": -16656.366046589603,
        "test_cases": [
            13,
            2,
            3,
            14,
            2,
            7,
            13,
            3,
            1,
            9
        ]
    },
    "2": {
        "discounted_return": -9778.30007271175,
        "test_cases": [
            12,
            11,
            10,
            2,
            5,
            12,
            14,
            9,
            3,
            10
        ]
    },
    "3": {
        "discounted_return": -16000.822600979805,
        "test_cases": [
            12,
            10,
            4,
            14,
            7,
            7,
            14,
            7,
            9,
            1
        ]
    },
    "4": {
        "discounted_return": -16306.711009275212,
        "test_cases": [
            0,
            10,
            8,
            1,
            1,
            8,
            2,
            6,
            9,
            6
        ]
    },
    "5": {
        "discounted_return": -15443.820100571013,
        "test_cases": [
            2,
            10,
            9,
            2,
            4,
            13,
            1,
            3,
            10,
            1
        ]
    },
    "6": {
        "discounted_return": -13849.629415639158,
        "test_cases": [
            9,
            2,
            6,
            2,
            9,
            14,
            13,
            5,
            3,
            7
        ]
    },
    "7": {
        "discounted_return": -16272.36788924612,
        "test_cases": [
            2,
            14,
            14,
            4,
            12,
            7,
            10,
            5,
            12,
            10
        ]
    },
    "8": {
        "discounted_return": -12365.627613216937,
        "test_cases": [
            2,
            8,
            2,
            3,
            13,
            10,
            4,
            6,
            4,
            12
        ]
    }
}