{
    "0": {
        "discounted_return": 0.9529965620948068,
        "test_cases": [
            12,
            9,
            14,
            7,
            3,
            8,
            5,
            13,
            6,
            1
        ]
    },
    "1": {
        "discounted_return": -4293.440856351155,
        "test_cases": [
            4,
            0,
            5,
            8,
            12,
            9,
            1,
            2,
            8,
            13
        ]
    },
    "2": {
        "discounted_return": -16339.380708701085,
        "test_cases": [
            6,
            14,
            5,
            3,
            6,
            14,
            8,
            10,
            9,
            3
        ]
    },
    "3": {
        "discounted_return": -17282.85388983947,
        "test_cases": [
            11,
            5,
            5,
            14,
            9,
            7,
            14,
            2,
            3,
            11
        ]
    },
    "4": {
        "discounted_return": -18253.462074071085,
        "test_cases": [
            5,
            3,
            10,
            12,
            14,
            4,
            10,
            5,
            14,
            14
        ]
    },
    "5": {
        "discounted_return": -15422.901673651118,
        "test_cases": [
            2,
            12,
            11,
            6,
            2,
            7,
            0,
            0,
            11,
            13
        ]
    },
    "6": {
        "discounted_return": -4302.938551646353,
        "test_cases": [
            1,
            0,
            5,
            12,
            3,
            4,
            8,
            7,
            1,
            11
        ]
    },
    "7": {
        "discounted_return": -3861.610798537284,
        "test_cases": [
            13,
            14,
            9,
            5,
            3,
            0,
            12,
            7,
            4,
            12
        ]
    },
    "8": {
        "discounted_return": -17661.6193520592,
        "test_cases": [
            3,
            8,
            3,
            4,
            7,
            0,
            4,
            9,
            4,
            12
        ]
    }
}