{
    "0": {
        "discounted_return": -12961.050787785662,
        "test_cases": [
            1,
            6,
            13,
            11,
            12,
            10,
            4,
            12,
            12,
            11
        ]
    },
    "1": {
        "discounted_return": -3871.2362133989072,
        "test_cases": [
            13,
            5,
            14,
            6,
            8,
            4,
            2,
            7,
            9,
            5
        ]
    },
    "2": {
        "discounted_return": -16908.387976037793,
        "test_cases": [
            6,
            14,
            11,
            11,
            8,
            7,
            7,
            13,
            14,
            3
        ]
    },
    "3": {
        "discounted_return": -22496.26643555294,
        "test_cases": [
            1,
            5,
            1,
            12,
            11,
            7,
            7,
            7,
            11,
            9
        ]
    },
    "4": {
        "discounted_return": -21544.725752280025,
        "test_cases": [
            10,
            4,
            14,
            11,
            11,
            14,
            14,
            0,
            13,
            11
        ]
    },
    "5": {
        "discounted_return": -9609.639275030306,
        "test_cases": [
            12,
            4,
            13,
            9,
            5,
            11,
            4,
            2,
            5,
            3
        ]
    },
    "6": {
        "discounted_return": -9617.520068120435,
        "test_cases": [
            7,
            14,
            3,
            13,
            2,
            6,
            7,
            9,
            13,
            5
        ]
    },
    "7": {
        "discounted_return": -15936.787502069095,
        "test_cases": [
            14,
            5,
            11,
            14,
            9,
            3,
            12,
            3,
            6,
            11
        ]
    },
    "8": {
        "discounted_return": -13843.144625731062,
        "test_cases": [
            5,
            11,
            0,
            14,
            12,
            7,
            5,
            0,
            10,
            14
        ]
    }
}