{
    "0": {
        "discounted_return": -9086.81490526869,
        "test_cases": [
            6,
            14,
            3,
            7,
            8,
            9,
            2,
            8,
            14,
            11
        ]
    },
    "1": {
        "discounted_return": -13489.204440961457,
        "test_cases": [
            10,
            8,
            11,
            6,
            12,
            14,
            12,
            2,
            10,
            11
        ]
    },
    "2": {
        "discounted_return": -10096.554739789823,
        "test_cases": [
            3,
            6,
            5,
            8,
            9,
            10,
            6,
            10,
            14,
            1
        ]
    },
    "3": {
        "discounted_return": -22562.00683587382,
        "test_cases": [
            14,
            3,
            4,
            9,
            3,
            3,
            4,
            3,
            7,
            10
        ]
    },
    "4": {
        "discounted_return": -14806.367604571318,
        "test_cases": [
            8,
            7,
            13,
            10,
            3,
            10,
            10,
            11,
            13,
            1
        ]
    },
    "5": {
        "discounted_return": -12762.840983862163,
        "test_cases": [
            11,
            8,
            12,
            7,
            2,
            14,
            3,
            11,
            14,
            8
        ]
    },
    "6": {
        "discounted_return": -14082.204980391107,
        "test_cases": [
            4,
            13,
            7,
            11,
            6,
            7,
            1,
            12,
            4,
            7
        ]
    },
    "7": {
        "discounted_return": -18078.29306267533,
        "test_cases": [
            14,
            14,
            13,
            12,
            10,
            9,
            3,
            3,
            9,
            7
        ]
    },
    "8": {
        "discounted_return": -10165.007076637225,
        "test_cases": [
            1,
            3,
            13,
            7,
            14,
            1,
            12,
            11,
            3,
            8
        ]
    }
}