{
    "0": {
        "discounted_return": -20306.27886106467,
        "test_cases": [
            2,
            7,
            6,
            3,
            1,
            3,
            6,
            1,
            6,
            12
        ]
    },
    "1": {
        "discounted_return": -9776.756940442261,
        "test_cases": [
            1,
            0,
            10,
            2,
            6,
            6,
            13,
            14,
            7,
            2
        ]
    },
    "2": {
        "discounted_return": -22813.36202861982,
        "test_cases": [
            13,
            3,
            0,
            3,
            7,
            13,
            3,
            14,
            14,
            8
        ]
    },
    "3": {
        "discounted_return": -21056.65813253188,
        "test_cases": [
            1,
            5,
            5,
            6,
            8,
            14,
            9,
            9,
            9,
            8
        ]
    },
    "4": {
        "discounted_return": -10001.387733397936,
        "test_cases": [
            1,
            5,
            7,
            10,
            6,
            8,
            7,
            10,
            2,
            3
        ]
    },
    "5": {
        "discounted_return": -9184.746650003079,
        "test_cases": [
            4,
            12,
            6,
            11,
            9,
            14,
            12,
            1,
            7,
            7
        ]
    },
    "6": {
        "discounted_return": -22506.872813512393,
        "test_cases": [
            7,
            4,
            0,
            7,
            0,
            1,
            12,
            7,
            2,
            0
        ]
    },
    "7": {
        "discounted_return": -30177.05304763351,
        "test_cases": [
            9,
            11,
            9,
            8,
            8,
            8,
            11,
            1,
            8,
            2
        ]
    },
    "8": {
        "discounted_return": -11018.715842960682,
        "test_cases": [
            4,
            8,
            10,
            4,
            12,
            9,
            13,
            5,
            2,
            2
        ]
    }
}