{
    "0": {
        "discounted_return": -5313.516991728286,
        "test_cases": [
            14,
            11,
            9,
            1,
            4,
            13,
            9,
            6,
            5,
            0
        ]
    },
    "1": {
        "discounted_return": -18963.35781132373,
        "test_cases": [
            0,
            6,
            0,
            8,
            6,
            3,
            11,
            10,
            10,
            14
        ]
    },
    "2": {
        "discounted_return": -10096.576631794154,
        "test_cases": [
            7,
            3,
            12,
            14,
            2,
            0,
            2,
            3,
            10,
            11
        ]
    },
    "3": {
        "discounted_return": -17245.506716869128,
        "test_cases": [
            8,
            3,
            12,
            0,
            8,
            0,
            13,
            8,
            2,
            9
        ]
    },
    "4": {
        "discounted_return": -5790.963804661561,
        "test_cases": [
            1,
            2,
            14,
            7,
            4,
            14,
            13,
            0,
            11,
            9
        ]
    },
    "5": {
        "discounted_return": -24812.28538027134,
        "test_cases": [
            2,
            14,
            9,
            10,
            14,
            7,
            9,
            9,
            9,
            2
        ]
    },
    "6": {
        "discounted_return": -21464.76815781274,
        "test_cases": [
            9,
            9,
            11,
            10,
            11,
            10,
            3,
            5,
            13,
            6
        ]
    },
    "7": {
        "discounted_return": -35259.14770280638,
        "test_cases": [
            13,
            8,
            8,
            13,
            1,
            8,
            13,
            8,
            2,
            1
        ]
    },
    "8": {
        "discounted_return": -13866.101761240876,
        "test_cases": [
            4,
            2,
            4,
            6,
            3,
            3,
            13,
            7,
            12,
            5
        ]
    }
}