{
    "0": {
        "discounted_return": -17386.65922270342,
        "test_cases": [
            11,
            5,
            9,
            5,
            13,
            6,
            9,
            13,
            2,
            12
        ]
    },
    "1": {
        "discounted_return": -16335.833383147052,
        "test_cases": [
            9,
            6,
            2,
            4,
            2,
            4,
            12,
            0,
            14,
            14
        ]
    },
    "2": {
        "discounted_return": -12873.425592278738,
        "test_cases": [
            6,
            6,
            3,
            5,
            12,
            14,
            1,
            10,
            4,
            10
        ]
    },
    "3": {
        "discounted_return": -15646.227829868045,
        "test_cases": [
            9,
            5,
            10,
            7,
            10,
            4,
            13,
            7,
            7,
            0
        ]
    },
    "4": {
        "discounted_return": -15610.913193767408,
        "test_cases": [
            13,
            3,
            5,
            12,
            12,
            0,
            7,
            5,
            7,
            1
        ]
    },
    "5": {
        "discounted_return": -13399.989929220483,
        "test_cases": [
            1,
            5,
            2,
            14,
            7,
            13,
            13,
            9,
            1,
            14
        ]
    },
    "6": {
        "discounted_return": -15945.747960428382,
        "test_cases": [
            2,
            4,
            12,
            4,
            8,
            5,
            7,
            7,
            11,
            4
        ]
    },
    "7": {
        "discounted_return": -15081.094524706315,
        "test_cases": [
            1,
            11,
            12,
            10,
            3,
            12,
            1,
            14,
            5,
            12
        ]
    },
    "8": {
        "discounted_return": -15044.187740910565,
        "test_cases": [
            7,
            9,
            0,
            1,
            2,
            2,
            9,
            6,
            14,
            0
        ]
    }
}