{
    "0": {
        "discounted_return": -9187.781268857276,
        "test_cases": [
            12,
            2,
            9,
            7,
            5,
            14,
            12,
            6,
            1,
            12
        ]
    },
    "1": {
        "discounted_return": -13491.052053820647,
        "test_cases": [
            0,
            3,
            6,
            14,
            1,
            2,
            3,
            10,
            3,
            6
        ]
    },
    "2": {
        "discounted_return": -8178.008578123433,
        "test_cases": [
            3,
            12,
            13,
            14,
            2,
            1,
            4,
            11,
            14,
            4
        ]
    },
    "3": {
        "discounted_return": -9183.790757495604,
        "test_cases": [
            8,
            13,
            0,
            10,
            7,
            6,
            6,
            4,
            12,
            6
        ]
    },
    "4": {
        "discounted_return": -11120.801740197254,
        "test_cases": [
            1,
            10,
            14,
            10,
            8,
            5,
            2,
            11,
            13,
            1
        ]
    },
    "5": {
        "discounted_return": -13465.80134150209,
        "test_cases": [
            2,
            3,
            5,
            10,
            4,
            12,
            10,
            6,
            10,
            2
        ]
    },
    "6": {
        "discounted_return": -9617.494262337794,
        "test_cases": [
            8,
            14,
            10,
            12,
            6,
            9,
            9,
            2,
            2,
            11
        ]
    },
    "7": {
        "discounted_return": -9079.088405649363,
        "test_cases": [
            10,
            9,
            8,
            7,
            3,
            4,
            2,
            2,
            7,
            14
        ]
    },
    "8": {
        "discounted_return": -21629.42219676435,
        "test_cases": [
            14,
            9,
            6,
            3,
            9,
            9,
            14,
            7,
            2,
            9
        ]
    }
}