{
    "0": {
        "discounted_return": -15647.917094824814,
        "test_cases": [
            12,
            3,
            4,
            10,
            4,
            8,
            1,
            4,
            1,
            14
        ]
    },
    "1": {
        "discounted_return": -8096.285669184017,
        "test_cases": [
            9,
            3,
            9,
            2,
            5,
            11,
            8,
            13,
            1,
            4
        ]
    },
    "2": {
        "discounted_return": -10864.870680936034,
        "test_cases": [
            7,
            2,
            3,
            14,
            2,
            9,
            10,
            1,
            1,
            4
        ]
    },
    "3": {
        "discounted_return": -11217.701230832054,
        "test_cases": [
            0,
            9,
            10,
            7,
            11,
            10,
            9,
            1,
            8,
            2
        ]
    },
    "4": {
        "discounted_return": -20293.130706088854,
        "test_cases": [
            5,
            12,
            10,
            6,
            5,
            12,
            4,
            7,
            7,
            12
        ]
    },
    "5": {
        "discounted_return": -12482.090794906819,
        "test_cases": [
            5,
            14,
            6,
            14,
            0,
            9,
            5,
            10,
            12,
            7
        ]
    },
    "6": {
        "discounted_return": -10207.933229623033,
        "test_cases": [
            4,
            12,
            2,
            5,
            7,
            4,
            10,
            0,
            4,
            6
        ]
    },
    "7": {
        "discounted_return": -13969.06263736784,
        "test_cases": [
            4,
            1,
            7,
            2,
            6,
            5,
            5,
            2,
            11,
            6
        ]
    },
    "8": {
        "discounted_return": -17944.736162715006,
        "test_cases": [
            2,
            3,
            7,
            7,
            6,
            3,
            13,
            13,
            14,
            5
        ]
    }
}