{
    "0": {
        "discounted_return": -17186.941922913356,
        "test_cases": [
            9,
            12,
            12,
            11,
            8,
            0,
            10,
            11,
            0,
            7
        ]
    },
    "1": {
        "discounted_return": -18506.81644789571,
        "test_cases": [
            14,
            0,
            13,
            0,
            4,
            0,
            14,
            10,
            2,
            6
        ]
    },
    "2": {
        "discounted_return": -15748.89686370343,
        "test_cases": [
            14,
            13,
            6,
            2,
            6,
            11,
            11,
            3,
            12,
            3
        ]
    },
    "3": {
        "discounted_return": -14989.111210497354,
        "test_cases": [
            13,
            10,
            1,
            6,
            2,
            2,
            3,
            10,
            2,
            7
        ]
    },
    "4": {
        "discounted_return": -12022.627672455801,
        "test_cases": [
            4,
            8,
            12,
            12,
            9,
            3,
            0,
            12,
            6,
            1
        ]
    },
    "5": {
        "discounted_return": -4242.345626101298,
        "test_cases": [
            13,
            4,
            12,
            14,
            10,
            3,
            2,
            0,
            12,
            7
        ]
    },
    "6": {
        "discounted_return": -8177.25901429423,
        "test_cases": [
            5,
            0,
            14,
            11,
            13,
            9,
            8,
            3,
            9,
            11
        ]
    },
    "7": {
        "discounted_return": -9176.43440016028,
        "test_cases": [
            7,
            5,
            0,
            8,
            12,
            13,
            7,
            11,
            6,
            7
        ]
    },
    "8": {
        "discounted_return": -15198.604138959261,
        "test_cases": [
            12,
            1,
            10,
            0,
            12,
            2,
            3,
            3,
            13,
            10
        ]
    }
}