{
    "0": {
        "discounted_return": -19397.491271652714,
        "test_cases": [
            5,
            4,
            12,
            10,
            11,
            4,
            4,
            14,
            11,
            5
        ]
    },
    "1": {
        "discounted_return": -4780.248677481085,
        "test_cases": [
            14,
            9,
            3,
            7,
            6,
            8,
            5,
            6,
            11,
            1
        ]
    },
    "2": {
        "discounted_return": -23291.65170993297,
        "test_cases": [
            14,
            2,
            0,
            0,
            5,
            5,
            14,
            5,
            1,
            6
        ]
    },
    "3": {
        "discounted_return": -9186.993557404472,
        "test_cases": [
            6,
            0,
            3,
            4,
            1,
            9,
            3,
            10,
            8,
            8
        ]
    },
    "4": {
        "discounted_return": -8527.489446821897,
        "test_cases": [
            0,
            11,
            1,
            10,
            3,
            7,
            4,
            0,
            12,
            1
        ]
    },
    "5": {
        "discounted_return": -14263.694134540436,
        "test_cases": [
            9,
            9,
            14,
            0,
            6,
            10,
            9,
            13,
            5,
            8
        ]
    },
    "6": {
        "discounted_return": -16376.265847925912,
        "test_cases": [
            2,
            5,
            12,
            5,
            3,
            4,
            14,
            2,
            14,
            10
        ]
    },
    "7": {
        "discounted_return": -9076.295906663881,
        "test_cases": [
            9,
            7,
            14,
            6,
            11,
            0,
            1,
            1,
            0,
            4
        ]
    },
    "8": {
        "discounted_return": -22749.36855086752,
        "test_cases": [
            11,
            1,
            5,
            11,
            13,
            11,
            1,
            4,
            1,
            9
        ]
    }
}