{
    "0": {
        "discounted_return": -4782.062878891014,
        "test_cases": [
            8,
            14,
            2,
            11,
            9,
            5,
            1,
            11,
            12,
            10
        ]
    },
    "1": {
        "discounted_return": -25866.560021000758,
        "test_cases": [
            8,
            11,
            8,
            9,
            9,
            9,
            9,
            12,
            14,
            6
        ]
    },
    "2": {
        "discounted_return": -5903.72007052619,
        "test_cases": [
            3,
            4,
            13,
            8,
            1,
            4,
            7,
            10,
            9,
            12
        ]
    },
    "3": {
        "discounted_return": -19512.207039071855,
        "test_cases": [
            1,
            9,
            4,
            8,
            1,
            5,
            13,
            13,
            5,
            5
        ]
    },
    "4": {
        "discounted_return": -24677.574423982194,
        "test_cases": [
            4,
            1,
            6,
            7,
            7,
            14,
            4,
            6,
            14,
            6
        ]
    },
    "5": {
        "discounted_return": -16402.307019554144,
        "test_cases": [
            6,
            11,
            10,
            6,
            8,
            9,
            10,
            12,
            1,
            9
        ]
    },
    "6": {
        "discounted_return": -5312.752720032801,
        "test_cases": [
            6,
            3,
            14,
            8,
            0,
            2,
            6,
            10,
            12,
            11
        ]
    },
    "7": {
        "discounted_return": -15994.707179577052,
        "test_cases": [
            0,
            14,
            12,
            9,
            2,
            2,
            12,
            2,
            4,
            5
        ]
    },
    "8": {
        "discounted_return": -8330.982619974473,
        "test_cases": [
            11,
            2,
            7,
            12,
            6,
            14,
            0,
            11,
            6,
            5
        ]
    }
}