{
    "0": {
        "discounted_return": -30382.005039430394,
        "test_cases": [
            5,
            4,
            4,
            4,
            14,
            14,
            12,
            5,
            5,
            6
        ]
    },
    "1": {
        "discounted_return": -7267.042185913756,
        "test_cases": [
            11,
            0,
            9,
            0,
            14,
            2,
            13,
            8,
            6,
            5
        ]
    },
    "2": {
        "discounted_return": -9086.817211841053,
        "test_cases": [
            10,
            2,
            11,
            14,
            7,
            12,
            8,
            11,
            14,
            9
        ]
    },
    "3": {
        "discounted_return": -12601.243480313273,
        "test_cases": [
            9,
            7,
            1,
            9,
            11,
            6,
            11,
            3,
            0,
            8
        ]
    },
    "4": {
        "discounted_return": -10293.15375116521,
        "test_cases": [
            11,
            10,
            9,
            1,
            11,
            4,
            8,
            5,
            3,
            9
        ]
    },
    "5": {
        "discounted_return": -10996.793315035211,
        "test_cases": [
            14,
            0,
            7,
            7,
            9,
            5,
            3,
            13,
            10,
            9
        ]
    },
    "6": {
        "discounted_return": -18865.404887574146,
        "test_cases": [
            12,
            13,
            11,
            0,
            1,
            12,
            2,
            11,
            0,
            1
        ]
    },
    "7": {
        "discounted_return": -8648.750573849966,
        "test_cases": [
            5,
            12,
            9,
            6,
            13,
            4,
            11,
            5,
            0,
            13
        ]
    },
    "8": {
        "discounted_return": -9728.107554200385,
        "test_cases": [
            2,
            12,
            14,
            11,
            10,
            12,
            5,
            13,
            0,
            5
        ]
    }
}