{
    "0": {
        "discounted_return": -14991.771095059943,
        "test_cases": [
            7,
            0,
            11,
            13,
            5,
            11,
            10,
            10,
            10,
            8
        ]
    },
    "1": {
        "discounted_return": -9185.45697649206,
        "test_cases": [
            7,
            13,
            10,
            11,
            9,
            0,
            13,
            8,
            3,
            9
        ]
    },
    "2": {
        "discounted_return": -9618.269720825758,
        "test_cases": [
            8,
            13,
            10,
            3,
            2,
            0,
            13,
            11,
            2,
            14
        ]
    },
    "3": {
        "discounted_return": -17185.59872169049,
        "test_cases": [
            9,
            13,
            13,
            10,
            14,
            4,
            6,
            6,
            10,
            8
        ]
    },
    "4": {
        "discounted_return": -20036.452849255405,
        "test_cases": [
            3,
            4,
            4,
            4,
            0,
            8,
            14,
            0,
            1,
            6
        ]
    },
    "5": {
        "discounted_return": -9437.539766088312,
        "test_cases": [
            11,
            14,
            7,
            2,
            12,
            11,
            8,
            4,
            2,
            1
        ]
    },
    "6": {
        "discounted_return": -15092.187630238604,
        "test_cases": [
            3,
            8,
            11,
            1,
            7,
            7,
            8,
            10,
            5,
            7
        ]
    },
    "7": {
        "discounted_return": -13401.312225015483,
        "test_cases": [
            7,
            12,
            12,
            11,
            2,
            0,
            12,
            8,
            10,
            3
        ]
    },
    "8": {
        "discounted_return": -8622.942274017154,
        "test_cases": [
            1,
            9,
            10,
            7,
            0,
            13,
            6,
            6,
            2,
            13
        ]
    }
}