{
    "0": {
        "discounted_return": -9187.765229106004,
        "test_cases": [
            0,
            8,
            6,
            5,
            7,
            14,
            14,
            1,
            3,
            0
        ]
    },
    "1": {
        "discounted_return": -13490.418737533411,
        "test_cases": [
            9,
            10,
            14,
            13,
            4,
            5,
            9,
            1,
            1,
            10
        ]
    },
    "2": {
        "discounted_return": -15523.244640216568,
        "test_cases": [
            8,
            12,
            10,
            6,
            5,
            8,
            6,
            1,
            10,
            2
        ]
    },
    "3": {
        "discounted_return": -13965.904869535734,
        "test_cases": [
            4,
            5,
            9,
            3,
            13,
            14,
            14,
            3,
            8,
            8
        ]
    },
    "4": {
        "discounted_return": 370.6458172561436,
        "test_cases": [
            1,
            4,
            2,
            3,
            11,
            13,
            8,
            9,
            10,
            6
        ]
    },
    "5": {
        "discounted_return": -9601.591095738237,
        "test_cases": [
            14,
            13,
            4,
            6,
            0,
            10,
            13,
            7,
            0,
            3
        ]
    },
    "6": {
        "discounted_return": -14738.417981474413,
        "test_cases": [
            12,
            14,
            1,
            11,
            1,
            9,
            2,
            3,
            9,
            12
        ]
    },
    "7": {
        "discounted_return": -16374.519857823878,
        "test_cases": [
            9,
            4,
            1,
            9,
            5,
            8,
            0,
            4,
            9,
            7
        ]
    },
    "8": {
        "discounted_return": -21235.359111327292,
        "test_cases": [
            14,
            9,
            13,
            9,
            1,
            11,
            1,
            9,
            4,
            14
        ]
    }
}