{
    "0": {
        "discounted_return": -14004.16438070517,
        "test_cases": [
            9,
            0,
            9,
            14,
            12,
            0,
            7,
            11,
            5,
            3
        ]
    },
    "1": {
        "discounted_return": -16337.497579989458,
        "test_cases": [
            9,
            13,
            2,
            1,
            9,
            9,
            4,
            8,
            10,
            13
        ]
    },
    "2": {
        "discounted_return": -5903.837424800291,
        "test_cases": [
            1,
            4,
            10,
            6,
            14,
            14,
            2,
            8,
            11,
            12
        ]
    },
    "3": {
        "discounted_return": -12960.57507845875,
        "test_cases": [
            6,
            10,
            14,
            9,
            4,
            5,
            3,
            5,
            3,
            9
        ]
    },
    "4": {
        "discounted_return": -16879.774945570203,
        "test_cases": [
            10,
            9,
            3,
            9,
            12,
            11,
            12,
            7,
            10,
            5
        ]
    },
    "5": {
        "discounted_return": -14294.571970859657,
        "test_cases": [
            12,
            12,
            2,
            5,
            8,
            4,
            4,
            1,
            3,
            0
        ]
    },
    "6": {
        "discounted_return": 1.8741334788983044,
        "test_cases": [
            7,
            8,
            2,
            5,
            11,
            9,
            13,
            14,
            1,
            10
        ]
    },
    "7": {
        "discounted_return": -9610.939106041424,
        "test_cases": [
            13,
            6,
            5,
            4,
            0,
            14,
            6,
            2,
            4,
            12
        ]
    },
    "8": {
        "discounted_return": -3816.1698904122504,
        "test_cases": [
            0,
            2,
            1,
            11,
            13,
            7,
            14,
            9,
            5,
            14
        ]
    }
}