{
    "1": {
        "discounted_return": -3872.261408828042,
        "test_cases": [
            23,
            9,
            16,
            7,
            22,
            21,
            4,
            29,
            31,
            7
        ]
    },
    "2": {
        "discounted_return": -17498.847856195393,
        "test_cases": [
            28,
            24,
            2,
            2,
            27,
            27,
            1,
            15,
            2,
            7
        ]
    },
    "3": {
        "discounted_return": -3871.544023582796,
        "test_cases": [
            2,
            27,
            5,
            14,
            1,
            29,
            28,
            20,
            18,
            18
        ]
    },
    "4": {
        "discounted_return": 1.5615303160513987,
        "test_cases": [
            32,
            26,
            15,
            6,
            14,
            0,
            31,
            33,
            34,
            24
        ]
    },
    "5": {
        "discounted_return": 1.6021647537966643,
        "test_cases": [
            6,
            17,
            18,
            11,
            15,
            26,
            20,
            4,
            12,
            21
        ]
    },
    "6": {
        "discounted_return": -7944.801659457607,
        "test_cases": [
            11,
            10,
            13,
            26,
            33,
            2,
            20,
            18,
            11,
            33
        ]
    },
    "7": {
        "discounted_return": -5058.297868065596,
        "test_cases": [
            29,
            34,
            15,
            26,
            7,
            2,
            29,
            0,
            9,
            24
        ]
    },
    "8": {
        "discounted_return": -4781.208938991691,
        "test_cases": [
            24,
            1,
            33,
            32,
            18,
            12,
            15,
            33,
            34,
            26
        ]
    },
    "9": {
        "discounted_return": -12453.684441972962,
        "test_cases": [
            6,
            16,
            11,
            23,
            16,
            6,
            19,
            10,
            1,
            9
        ]
    },
    "10": {
        "discounted_return": -12008.073354067074,
        "test_cases": [
            5,
            3,
            23,
            3,
            27,
            13,
            11,
            3,
            29,
            10
        ]
    }
}