{
    "1": {
        "discounted_return": 2.019137612252341,
        "test_cases": [
            16,
            22,
            14,
            6,
            0,
            8,
            1,
            11,
            33,
            10
        ]
    },
    "2": {
        "discounted_return": -12465.103181596945,
        "test_cases": [
            28,
            17,
            7,
            12,
            12,
            17,
            6,
            20,
            18,
            22
        ]
    },
    "3": {
        "discounted_return": 4.845480976310169,
        "test_cases": [
            28,
            29,
            26,
            4,
            30,
            18,
            5,
            27,
            31,
            16
        ]
    },
    "4": {
        "discounted_return": 0.9382889324105153,
        "test_cases": [
            11,
            20,
            23,
            1,
            9,
            2,
            22,
            6,
            12,
            32
        ]
    },
    "5": {
        "discounted_return": 1.6266729554960326,
        "test_cases": [
            29,
            12,
            15,
            27,
            16,
            9,
            28,
            20,
            5,
            1
        ]
    },
    "6": {
        "discounted_return": -3862.0143164159267,
        "test_cases": [
            2,
            32,
            25,
            0,
            13,
            5,
            24,
            30,
            17,
            30
        ]
    },
    "7": {
        "discounted_return": 88.8000670431894,
        "test_cases": [
            13,
            34,
            33,
            31,
            28,
            22,
            18,
            8,
            26,
            9
        ]
    },
    "8": {
        "discounted_return": -15092.040848350945,
        "test_cases": [
            16,
            8,
            4,
            18,
            32,
            8,
            18,
            20,
            9,
            18
        ]
    },
    "9": {
        "discounted_return": 14.440843426344623,
        "test_cases": [
            8,
            28,
            3,
            19,
            26,
            10,
            21,
            18,
            33,
            17
        ]
    },
    "10": {
        "discounted_return": -12851.948054785335,
        "test_cases": [
            29,
            5,
            5,
            24,
            28,
            25,
            17,
            17,
            2,
            4
        ]
    }
}