{
    "1": {
        "discounted_return": -4303.801615809401,
        "test_cases": [
            22,
            32,
            34,
            23,
            0,
            5,
            27,
            3,
            5,
            24
        ]
    },
    "2": {
        "discounted_return": 0.969835239144368,
        "test_cases": [
            5,
            12,
            29,
            20,
            24,
            17,
            25,
            8,
            28,
            1
        ]
    },
    "3": {
        "discounted_return": -5901.518397908104,
        "test_cases": [
            16,
            30,
            8,
            11,
            17,
            30,
            2,
            27,
            33,
            7
        ]
    },
    "4": {
        "discounted_return": 0.956890483387923,
        "test_cases": [
            18,
            7,
            12,
            26,
            2,
            17,
            29,
            30,
            27,
            8
        ]
    },
    "5": {
        "discounted_return": -13492.015508617842,
        "test_cases": [
            3,
            15,
            29,
            11,
            6,
            20,
            20,
            22,
            11,
            6
        ]
    },
    "6": {
        "discounted_return": -12854.09956473882,
        "test_cases": [
            12,
            12,
            17,
            2,
            32,
            27,
            14,
            28,
            6,
            14
        ]
    },
    "7": {
        "discounted_return": -13596.403237712524,
        "test_cases": [
            6,
            13,
            15,
            15,
            15,
            17,
            18,
            10,
            9,
            0
        ]
    },
    "8": {
        "discounted_return": -4781.192072758494,
        "test_cases": [
            25,
            28,
            1,
            7,
            4,
            17,
            13,
            4,
            15,
            0
        ]
    },
    "9": {
        "discounted_return": -5886.543144523952,
        "test_cases": [
            11,
            21,
            30,
            31,
            0,
            0,
            29,
            20,
            2,
            28
        ]
    },
    "10": {
        "discounted_return": -23756.65917645577,
        "test_cases": [
            4,
            24,
            4,
            32,
            32,
            25,
            25,
            33,
            29,
            32
        ]
    }
}