{
    "1": {
        "discounted_return": -3872.0150676665216,
        "test_cases": [
            7,
            18,
            4,
            19,
            22,
            14,
            12,
            24,
            21,
            19
        ]
    },
    "2": {
        "discounted_return": 0.9867689512630116,
        "test_cases": [
            10,
            13,
            19,
            0,
            12,
            23,
            1,
            31,
            21,
            24
        ]
    },
    "3": {
        "discounted_return": -11216.989789258307,
        "test_cases": [
            9,
            24,
            16,
            30,
            7,
            9,
            9,
            28,
            27,
            1
        ]
    },
    "4": {
        "discounted_return": -13492.546085611204,
        "test_cases": [
            14,
            6,
            13,
            19,
            26,
            12,
            12,
            34,
            6,
            34
        ]
    },
    "5": {
        "discounted_return": -8096.33269735169,
        "test_cases": [
            19,
            34,
            34,
            26,
            15,
            0,
            17,
            27,
            6,
            29
        ]
    },
    "6": {
        "discounted_return": -5284.654624011579,
        "test_cases": [
            28,
            24,
            25,
            10,
            18,
            32,
            10,
            1,
            22,
            8
        ]
    },
    "7": {
        "discounted_return": 169.4447582867726,
        "test_cases": [
            18,
            16,
            27,
            2,
            10,
            19,
            9,
            3,
            1,
            21
        ]
    },
    "8": {
        "discounted_return": -5903.353300704981,
        "test_cases": [
            20,
            25,
            0,
            9,
            11,
            11,
            27,
            26,
            8,
            10
        ]
    },
    "9": {
        "discounted_return": -14394.134839874994,
        "test_cases": [
            12,
            22,
            25,
            3,
            10,
            0,
            12,
            0,
            25,
            34
        ]
    },
    "10": {
        "discounted_return": -9605.539271685699,
        "test_cases": [
            11,
            32,
            21,
            6,
            0,
            2,
            0,
            4,
            11,
            27
        ]
    }
}