{
    "1": {
        "discounted_return": -6560.015965907667,
        "test_cases": [
            29,
            1,
            12,
            4,
            12,
            30,
            33,
            2,
            10,
            0
        ]
    },
    "2": {
        "discounted_return": -7289.177338331514,
        "test_cases": [
            3,
            10,
            9,
            3,
            13,
            22,
            16,
            32,
            12,
            7
        ]
    },
    "3": {
        "discounted_return": -3869.8376367467386,
        "test_cases": [
            2,
            22,
            10,
            4,
            9,
            5,
            12,
            27,
            8,
            22
        ]
    },
    "4": {
        "discounted_return": 0.9469805183499332,
        "test_cases": [
            20,
            11,
            13,
            19,
            17,
            7,
            5,
            28,
            2,
            29
        ]
    },
    "5": {
        "discounted_return": -7286.480426524422,
        "test_cases": [
            1,
            33,
            29,
            29,
            16,
            14,
            24,
            13,
            3,
            31
        ]
    },
    "6": {
        "discounted_return": -8157.250226664315,
        "test_cases": [
            3,
            5,
            23,
            29,
            27,
            10,
            16,
            1,
            5,
            23
        ]
    },
    "7": {
        "discounted_return": -5080.647786988384,
        "test_cases": [
            19,
            17,
            18,
            4,
            14,
            5,
            18,
            3,
            9,
            1
        ]
    },
    "8": {
        "discounted_return": -5312.699723523667,
        "test_cases": [
            18,
            27,
            30,
            31,
            3,
            12,
            27,
            32,
            28,
            1
        ]
    },
    "9": {
        "discounted_return": -5898.800367809689,
        "test_cases": [
            9,
            22,
            23,
            26,
            4,
            4,
            14,
            21,
            12,
            17
        ]
    },
    "10": {
        "discounted_return": -3989.4246866801855,
        "test_cases": [
            19,
            33,
            16,
            11,
            9,
            18,
            1,
            15,
            9,
            2
        ]
    }
}