{
    "1": {
        "discounted_return": 1.0333100640822446,
        "test_cases": [
            17,
            15,
            8,
            26,
            21,
            22,
            4,
            27,
            32,
            5
        ]
    },
    "2": {
        "discounted_return": -15748.87494424669,
        "test_cases": [
            17,
            16,
            33,
            3,
            16,
            9,
            33,
            10,
            27,
            33
        ]
    },
    "3": {
        "discounted_return": 2.6083924251118056,
        "test_cases": [
            19,
            1,
            8,
            21,
            33,
            18,
            31,
            24,
            7,
            20
        ]
    },
    "4": {
        "discounted_return": -6560.13609045777,
        "test_cases": [
            5,
            23,
            25,
            17,
            17,
            0,
            14,
            19,
            26,
            10
        ]
    },
    "5": {
        "discounted_return": -8653.28316833962,
        "test_cases": [
            1,
            23,
            2,
            8,
            13,
            5,
            18,
            13,
            14,
            18
        ]
    },
    "6": {
        "discounted_return": -9582.774886300205,
        "test_cases": [
            23,
            9,
            17,
            14,
            3,
            12,
            12,
            0,
            0,
            16
        ]
    },
    "7": {
        "discounted_return": -9959.16554459962,
        "test_cases": [
            34,
            30,
            15,
            4,
            13,
            11,
            13,
            15,
            33,
            28
        ]
    },
    "8": {
        "discounted_return": -11217.88404985202,
        "test_cases": [
            26,
            28,
            21,
            12,
            30,
            28,
            30,
            19,
            31,
            22
        ]
    },
    "9": {
        "discounted_return": -3859.018624975741,
        "test_cases": [
            17,
            11,
            0,
            34,
            13,
            30,
            26,
            4,
            16,
            34
        ]
    },
    "10": {
        "discounted_return": -16338.042443173059,
        "test_cases": [
            31,
            22,
            30,
            31,
            27,
            11,
            1,
            30,
            30,
            20
        ]
    }
}