{
    "1": {
        "discounted_return": 0.9797696989398651,
        "test_cases": [
            33,
            12,
            32,
            21,
            30,
            4,
            5,
            17,
            23,
            24
        ]
    },
    "2": {
        "discounted_return": 0.9878822546175651,
        "test_cases": [
            33,
            21,
            28,
            30,
            23,
            6,
            26,
            1,
            22,
            4
        ]
    },
    "3": {
        "discounted_return": -11592.335183826224,
        "test_cases": [
            0,
            24,
            27,
            27,
            16,
            6,
            18,
            7,
            0,
            2
        ]
    },
    "4": {
        "discounted_return": 0.993368159378807,
        "test_cases": [
            26,
            18,
            14,
            31,
            10,
            23,
            32,
            15,
            20,
            8
        ]
    },
    "5": {
        "discounted_return": -3872.630788513834,
        "test_cases": [
            33,
            12,
            29,
            3,
            32,
            19,
            22,
            8,
            30,
            32
        ]
    },
    "6": {
        "discounted_return": -10186.44987036439,
        "test_cases": [
            25,
            31,
            21,
            27,
            32,
            31,
            2,
            0,
            31,
            18
        ]
    },
    "7": {
        "discounted_return": -6115.301676886921,
        "test_cases": [
            34,
            28,
            1,
            28,
            27,
            4,
            23,
            3,
            18,
            32
        ]
    },
    "8": {
        "discounted_return": -11972.671279483451,
        "test_cases": [
            31,
            17,
            31,
            11,
            21,
            24,
            3,
            23,
            26,
            26
        ]
    },
    "9": {
        "discounted_return": -4295.889266120359,
        "test_cases": [
            34,
            12,
            15,
            17,
            4,
            28,
            8,
            16,
            4,
            24
        ]
    },
    "10": {
        "discounted_return": -3621.523145567615,
        "test_cases": [
            17,
            11,
            34,
            33,
            22,
            16,
            26,
            20,
            31,
            26
        ]
    }
}