{
    "1": {
        "discounted_return": 1.050582632415822,
        "test_cases": [
            19,
            28,
            15,
            26,
            16,
            30,
            18,
            21,
            29,
            10
        ]
    },
    "2": {
        "discounted_return": -18275.545965717007,
        "test_cases": [
            1,
            27,
            22,
            28,
            33,
            21,
            1,
            22,
            33,
            28
        ]
    },
    "3": {
        "discounted_return": 5.0109826749635324,
        "test_cases": [
            14,
            18,
            4,
            29,
            22,
            19,
            28,
            1,
            20,
            5
        ]
    },
    "4": {
        "discounted_return": -8099.1035989534275,
        "test_cases": [
            30,
            11,
            11,
            4,
            16,
            5,
            1,
            25,
            14,
            24
        ]
    },
    "5": {
        "discounted_return": -8175.93104940134,
        "test_cases": [
            20,
            24,
            3,
            33,
            16,
            7,
            25,
            22,
            25,
            33
        ]
    },
    "6": {
        "discounted_return": -16741.3739267047,
        "test_cases": [
            14,
            31,
            34,
            3,
            34,
            3,
            5,
            0,
            0,
            32
        ]
    },
    "7": {
        "discounted_return": -5845.184872364234,
        "test_cases": [
            31,
            33,
            10,
            15,
            12,
            33,
            26,
            0,
            8,
            9
        ]
    },
    "8": {
        "discounted_return": -4781.205929841238,
        "test_cases": [
            28,
            31,
            0,
            29,
            7,
            8,
            5,
            28,
            3,
            18
        ]
    },
    "9": {
        "discounted_return": -4770.001745441679,
        "test_cases": [
            10,
            29,
            23,
            1,
            30,
            5,
            27,
            10,
            18,
            26
        ]
    },
    "10": {
        "discounted_return": -3842.294892451059,
        "test_cases": [
            6,
            27,
            12,
            26,
            9,
            1,
            8,
            0,
            30,
            9
        ]
    }
}