{
    "1": {
        "discounted_return": -18865.961226622207,
        "test_cases": [
            8,
            28,
            0,
            7,
            6,
            8,
            1,
            7,
            6,
            1
        ]
    },
    "2": {
        "discounted_return": 0.9929216379126198,
        "test_cases": [
            4,
            21,
            29,
            0,
            5,
            1,
            12,
            34,
            31,
            28
        ]
    },
    "3": {
        "discounted_return": -3871.662837950738,
        "test_cases": [
            30,
            5,
            10,
            8,
            9,
            7,
            19,
            3,
            6,
            5
        ]
    },
    "4": {
        "discounted_return": -6560.129614101423,
        "test_cases": [
            14,
            1,
            15,
            16,
            15,
            9,
            23,
            28,
            29,
            24
        ]
    },
    "5": {
        "discounted_return": -15216.519325024252,
        "test_cases": [
            15,
            7,
            31,
            22,
            15,
            13,
            8,
            13,
            27,
            13
        ]
    },
    "6": {
        "discounted_return": -17676.37838328506,
        "test_cases": [
            10,
            27,
            30,
            10,
            10,
            26,
            6,
            7,
            29,
            30
        ]
    },
    "7": {
        "discounted_return": 164.78609671300026,
        "test_cases": [
            7,
            19,
            16,
            5,
            9,
            31,
            22,
            13,
            14,
            30
        ]
    },
    "8": {
        "discounted_return": -10207.98313436142,
        "test_cases": [
            17,
            28,
            29,
            0,
            8,
            17,
            23,
            12,
            23,
            9
        ]
    },
    "9": {
        "discounted_return": -13965.484669420202,
        "test_cases": [
            26,
            1,
            7,
            4,
            13,
            9,
            13,
            7,
            22,
            26
        ]
    },
    "10": {
        "discounted_return": -4745.4141704833055,
        "test_cases": [
            2,
            28,
            27,
            4,
            12,
            1,
            17,
            1,
            25,
            33
        ]
    }
}