{
    "1": {
        "discounted_return": 2.0102670641556384,
        "test_cases": [
            4,
            23,
            14,
            26,
            20,
            6,
            8,
            3,
            12,
            29
        ]
    },
    "2": {
        "discounted_return": -4782.05063940811,
        "test_cases": [
            8,
            6,
            22,
            19,
            12,
            30,
            33,
            33,
            18,
            0
        ]
    },
    "3": {
        "discounted_return": -4780.168637111816,
        "test_cases": [
            3,
            14,
            16,
            21,
            10,
            23,
            27,
            21,
            4,
            34
        ]
    },
    "4": {
        "discounted_return": -5313.363499097165,
        "test_cases": [
            20,
            32,
            17,
            33,
            21,
            27,
            20,
            28,
            9,
            22
        ]
    },
    "5": {
        "discounted_return": 2.6482504315912716,
        "test_cases": [
            10,
            7,
            11,
            4,
            28,
            23,
            3,
            18,
            12,
            16
        ]
    },
    "6": {
        "discounted_return": -10631.849296469563,
        "test_cases": [
            22,
            21,
            8,
            1,
            9,
            8,
            2,
            2,
            30,
            0
        ]
    },
    "7": {
        "discounted_return": -3618.3524503202334,
        "test_cases": [
            6,
            0,
            5,
            8,
            1,
            24,
            21,
            25,
            22,
            25
        ]
    },
    "8": {
        "discounted_return": -4302.856023553622,
        "test_cases": [
            18,
            33,
            7,
            4,
            23,
            32,
            28,
            2,
            23,
            21
        ]
    },
    "9": {
        "discounted_return": -7278.936495146622,
        "test_cases": [
            8,
            26,
            12,
            8,
            21,
            27,
            22,
            30,
            16,
            23
        ]
    },
    "10": {
        "discounted_return": -11338.475202022048,
        "test_cases": [
            32,
            31,
            6,
            10,
            10,
            26,
            23,
            10,
            1,
            3
        ]
    }
}