{
    "1": {
        "discounted_return": 1.0159994304320925,
        "test_cases": [
            2,
            14,
            31,
            23,
            22,
            10,
            18,
            21,
            7,
            5
        ]
    },
    "2": {
        "discounted_return": -12873.411140851726,
        "test_cases": [
            27,
            27,
            16,
            31,
            18,
            5,
            2,
            13,
            7,
            5
        ]
    },
    "3": {
        "discounted_return": -4302.048610414066,
        "test_cases": [
            30,
            33,
            3,
            0,
            20,
            13,
            15,
            21,
            21,
            19
        ]
    },
    "4": {
        "discounted_return": -14904.165214212626,
        "test_cases": [
            34,
            34,
            7,
            33,
            1,
            33,
            30,
            21,
            26,
            8
        ]
    },
    "5": {
        "discounted_return": 5.942938269649677,
        "test_cases": [
            5,
            8,
            0,
            6,
            7,
            24,
            13,
            3,
            25,
            18
        ]
    },
    "6": {
        "discounted_return": 2676.5161643890037,
        "test_cases": [
            34,
            29,
            7,
            31,
            17,
            9,
            23,
            22,
            25,
            11
        ]
    },
    "7": {
        "discounted_return": -4285.790747075719,
        "test_cases": [
            34,
            27,
            20,
            4,
            25,
            0,
            13,
            26,
            0,
            2
        ]
    },
    "8": {
        "discounted_return": -12960.34197004952,
        "test_cases": [
            22,
            21,
            12,
            30,
            23,
            19,
            5,
            19,
            19,
            30
        ]
    },
    "9": {
        "discounted_return": 13.065064095680782,
        "test_cases": [
            34,
            24,
            21,
            11,
            31,
            19,
            26,
            15,
            2,
            29
        ]
    },
    "10": {
        "discounted_return": -10165.817474279374,
        "test_cases": [
            30,
            22,
            12,
            25,
            17,
            12,
            13,
            19,
            12,
            9
        ]
    }
}