{
    "1": {
        "discounted_return": -4303.701270613284,
        "test_cases": [
            34,
            2,
            18,
            17,
            0,
            27,
            20,
            33,
            27,
            10
        ]
    },
    "2": {
        "discounted_return": -16001.548535601047,
        "test_cases": [
            33,
            23,
            9,
            10,
            27,
            10,
            33,
            27,
            25,
            13
        ]
    },
    "3": {
        "discounted_return": -20249.90632957093,
        "test_cases": [
            28,
            0,
            10,
            10,
            25,
            20,
            13,
            0,
            28,
            10
        ]
    },
    "4": {
        "discounted_return": -3873.2896128060656,
        "test_cases": [
            10,
            5,
            28,
            17,
            6,
            15,
            16,
            32,
            29,
            28
        ]
    },
    "5": {
        "discounted_return": -11160.464795678101,
        "test_cases": [
            32,
            2,
            34,
            34,
            24,
            16,
            25,
            20,
            5,
            25
        ]
    },
    "6": {
        "discounted_return": -3659.5038234917615,
        "test_cases": [
            19,
            13,
            2,
            11,
            32,
            23,
            6,
            24,
            15,
            24
        ]
    },
    "7": {
        "discounted_return": -4214.071351428938,
        "test_cases": [
            5,
            4,
            11,
            30,
            7,
            12,
            8,
            16,
            5,
            21
        ]
    },
    "8": {
        "discounted_return": -8655.526408503905,
        "test_cases": [
            11,
            24,
            4,
            3,
            15,
            0,
            22,
            0,
            25,
            22
        ]
    },
    "9": {
        "discounted_return": -3859.1852193179643,
        "test_cases": [
            16,
            11,
            9,
            2,
            33,
            7,
            21,
            25,
            15,
            25
        ]
    },
    "10": {
        "discounted_return": 64.93838298864037,
        "test_cases": [
            19,
            30,
            32,
            8,
            3,
            24,
            13,
            33,
            25,
            34
        ]
    }
}