{
    "1": {
        "discounted_return": -4781.563532090342,
        "test_cases": [
            33,
            16,
            27,
            20,
            34,
            26,
            21,
            26,
            13,
            31
        ]
    },
    "2": {
        "discounted_return": -10434.37392171578,
        "test_cases": [
            21,
            25,
            34,
            14,
            25,
            12,
            22,
            24,
            20,
            20
        ]
    },
    "3": {
        "discounted_return": -7285.617301336711,
        "test_cases": [
            21,
            1,
            4,
            21,
            23,
            17,
            29,
            34,
            14,
            22
        ]
    },
    "4": {
        "discounted_return": -5904.031072374618,
        "test_cases": [
            7,
            17,
            25,
            15,
            27,
            15,
            29,
            33,
            5,
            10
        ]
    },
    "5": {
        "discounted_return": 1.8823108816641272,
        "test_cases": [
            6,
            33,
            1,
            2,
            26,
            25,
            13,
            4,
            34,
            14
        ]
    },
    "6": {
        "discounted_return": -8970.369425667803,
        "test_cases": [
            24,
            24,
            17,
            13,
            9,
            32,
            11,
            31,
            16,
            26
        ]
    },
    "7": {
        "discounted_return": -7246.4530251299075,
        "test_cases": [
            23,
            2,
            16,
            16,
            22,
            4,
            27,
            6,
            29,
            34
        ]
    },
    "8": {
        "discounted_return": -4302.933916032883,
        "test_cases": [
            14,
            33,
            12,
            20,
            24,
            0,
            23,
            13,
            24,
            31
        ]
    },
    "9": {
        "discounted_return": -5298.683364498424,
        "test_cases": [
            11,
            30,
            31,
            28,
            18,
            13,
            18,
            24,
            4,
            23
        ]
    },
    "10": {
        "discounted_return": -7254.542583740522,
        "test_cases": [
            21,
            12,
            28,
            12,
            20,
            6,
            23,
            15,
            33,
            34
        ]
    }
}