{
    "1": {
        "discounted_return": -4303.652368859293,
        "test_cases": [
            11,
            25,
            31,
            33,
            27,
            9,
            16,
            4,
            33,
            0
        ]
    },
    "2": {
        "discounted_return": -10208.7367596189,
        "test_cases": [
            31,
            17,
            13,
            1,
            21,
            21,
            5,
            30,
            1,
            22
        ]
    },
    "3": {
        "discounted_return": 2.6729542967170277,
        "test_cases": [
            26,
            34,
            19,
            7,
            33,
            14,
            2,
            15,
            16,
            22
        ]
    },
    "4": {
        "discounted_return": -4303.776319161631,
        "test_cases": [
            13,
            25,
            28,
            11,
            20,
            16,
            10,
            4,
            25,
            31
        ]
    },
    "5": {
        "discounted_return": -10686.773743627095,
        "test_cases": [
            6,
            21,
            15,
            10,
            17,
            6,
            14,
            10,
            9,
            20
        ]
    },
    "6": {
        "discounted_return": -12332.407398315536,
        "test_cases": [
            25,
            21,
            7,
            7,
            12,
            31,
            31,
            29,
            33,
            8
        ]
    },
    "7": {
        "discounted_return": -12392.474001646036,
        "test_cases": [
            14,
            22,
            18,
            0,
            22,
            22,
            25,
            29,
            28,
            11
        ]
    },
    "8": {
        "discounted_return": -4302.876709261611,
        "test_cases": [
            10,
            14,
            4,
            18,
            27,
            25,
            34,
            2,
            27,
            1
        ]
    },
    "9": {
        "discounted_return": -14982.717327982999,
        "test_cases": [
            14,
            25,
            24,
            17,
            30,
            14,
            7,
            17,
            7,
            16
        ]
    },
    "10": {
        "discounted_return": -4276.0328636922995,
        "test_cases": [
            8,
            2,
            7,
            32,
            9,
            3,
            16,
            15,
            7,
            19
        ]
    }
}