{
    "1": {
        "discounted_return": -16904.373032624673,
        "test_cases": [
            20,
            11,
            13,
            11,
            31,
            12,
            13,
            32,
            20,
            16
        ]
    },
    "2": {
        "discounted_return": 0.9729099430067224,
        "test_cases": [
            29,
            34,
            31,
            22,
            14,
            20,
            11,
            10,
            7,
            30
        ]
    },
    "3": {
        "discounted_return": -4302.084409855152,
        "test_cases": [
            5,
            22,
            21,
            8,
            33,
            10,
            0,
            6,
            5,
            19
        ]
    },
    "4": {
        "discounted_return": 1.177901093051549,
        "test_cases": [
            14,
            4,
            16,
            8,
            25,
            24,
            32,
            9,
            28,
            20
        ]
    },
    "5": {
        "discounted_return": -5308.404022860091,
        "test_cases": [
            4,
            24,
            3,
            0,
            25,
            14,
            24,
            13,
            29,
            33
        ]
    },
    "6": {
        "discounted_return": -9587.13222098691,
        "test_cases": [
            10,
            14,
            3,
            27,
            34,
            8,
            3,
            6,
            3,
            15
        ]
    },
    "7": {
        "discounted_return": 19.60170404996946,
        "test_cases": [
            7,
            32,
            34,
            33,
            29,
            1,
            9,
            5,
            11,
            3
        ]
    },
    "8": {
        "discounted_return": -8177.198953598298,
        "test_cases": [
            34,
            18,
            15,
            17,
            24,
            28,
            32,
            4,
            24,
            32
        ]
    },
    "9": {
        "discounted_return": -10091.60333924524,
        "test_cases": [
            6,
            1,
            4,
            8,
            27,
            21,
            8,
            27,
            32,
            10
        ]
    },
    "10": {
        "discounted_return": 27.201542478539427,
        "test_cases": [
            20,
            0,
            34,
            5,
            23,
            33,
            14,
            26,
            1,
            15
        ]
    }
}