{
    "1": {
        "discounted_return": -10208.76293531465,
        "test_cases": [
            19,
            33,
            23,
            11,
            1,
            33,
            32,
            34,
            34,
            14
        ]
    },
    "2": {
        "discounted_return": -3873.315284403018,
        "test_cases": [
            8,
            20,
            1,
            22,
            26,
            21,
            32,
            9,
            19,
            26
        ]
    },
    "3": {
        "discounted_return": -4780.37987053481,
        "test_cases": [
            27,
            25,
            12,
            34,
            33,
            16,
            13,
            27,
            19,
            26
        ]
    },
    "4": {
        "discounted_return": -10434.37601566835,
        "test_cases": [
            30,
            33,
            31,
            17,
            33,
            32,
            5,
            18,
            6,
            6
        ]
    },
    "5": {
        "discounted_return": -3872.0552087154388,
        "test_cases": [
            18,
            26,
            7,
            3,
            1,
            9,
            34,
            30,
            14,
            34
        ]
    },
    "6": {
        "discounted_return": -6490.803438616984,
        "test_cases": [
            10,
            5,
            16,
            15,
            15,
            13,
            11,
            26,
            28,
            27
        ]
    },
    "7": {
        "discounted_return": -8078.673344601742,
        "test_cases": [
            21,
            32,
            21,
            10,
            2,
            16,
            28,
            33,
            17,
            31
        ]
    },
    "8": {
        "discounted_return": -12071.411423041996,
        "test_cases": [
            8,
            29,
            31,
            8,
            34,
            7,
            13,
            8,
            23,
            27
        ]
    },
    "9": {
        "discounted_return": -3867.0849613510118,
        "test_cases": [
            16,
            18,
            4,
            1,
            26,
            2,
            3,
            12,
            24,
            1
        ]
    },
    "10": {
        "discounted_return": -5213.568605846262,
        "test_cases": [
            7,
            27,
            6,
            22,
            3,
            4,
            6,
            10,
            0,
            30
        ]
    }
}